Urban Area,2019 Median Contract Rent,2019 Median Gross Rent,2019 Median Home Value,2019 Median Monthly Owner Costs,2020 Median Contract Rent,2020 Median Gross Rent,2020 Median Home Value,2020 Median Monthly Owner Costs,2021 Median Contract Rent,2021 Median Gross Rent,2021 Median Home Value,2021 Median Monthly Owner Costs
"Trenton, NJ",1047.0,1201.0,249900.0,2104.0,1080.0,1240.0,254100.0,2110.0,1135.0,1303.0,260600.0,2180.0
"Tucson, AZ",753.0,896.0,182500.0,1303.0,773.0,921.0,197000.0,1331.0,814.0,967.0,214300.0,1393.0
"Stockton, CA",917.0,1115.0,272300.0,1677.0,967.0,1172.0,298300.0,1730.0,1061.0,1272.0,325500.0,1846.0
"Sumter, SC",589.0,816.0,125500.0,1076.0,604.0,831.0,127500.0,1099.0,653.0,893.0,136900.0,1174.0
"Turlock, CA",941.0,1115.0,292900.0,1666.0,966.0,1151.0,313300.0,1642.0,1051.0,1214.0,328500.0,1720.0
"Tuscaloosa, AL",659.0,846.0,173600.0,1235.0,678.0,862.0,181300.0,1292.0,713.0,907.0,187000.0,1343.0
"Twin Rivers--Hightstown, NJ",1421.0,1523.0,445600.0,3026.0,1450.0,1595.0,450800.0,3107.0,1469.0,1656.0,448200.0,3203.0
"Tyler, TX",775.0,932.0,153800.0,1345.0,799.0,949.0,158000.0,1342.0,848.0,1023.0,164300.0,1391.0
"Urban Honolulu, HI",1553.0,1703.0,649400.0,2556.0,1597.0,1738.0,671000.0,2596.0,1675.0,1828.0,693000.0,2736.0
"Utica, NY",628.0,761.0,123400.0,1212.0,645.0,778.0,129600.0,1249.0,677.0,814.0,132500.0,1300.0
"Vacaville, CA",1484.0,1644.0,421000.0,2257.0,1579.0,1751.0,445700.0,2311.0,1710.0,1937.0,471800.0,2463.0
"Weirton--Steubenville, WV",474.0,678.0,90300.0,948.0,470.0,652.0,92900.0,940.0,486.0,663.0,95700.0,979.0
"Wenatchee, WA",878.0,952.0,276200.0,1514.0,930.0,985.0,288400.0,1494.0,987.0,1089.0,314500.0,1592.0
"West Bend, WI",730.0,863.0,192400.0,1485.0,748.0,878.0,201800.0,1503.0,778.0,924.0,213800.0,1546.0
"Vallejo, CA",1409.0,1586.0,416400.0,2160.0,1513.0,1683.0,446500.0,2228.0,1616.0,1754.0,474100.0,2360.0
"Victoria, TX",749.0,925.0,135600.0,1383.0,788.0,958.0,143200.0,1362.0,812.0,992.0,152000.0,1449.0
"Victorville--Hesperia, CA",989.0,1200.0,234300.0,1491.0,1011.0,1216.0,250000.0,1522.0,1061.0,1277.0,272800.0,1615.0
"Vineland, NJ",862.0,1035.0,165400.0,1647.0,874.0,1058.0,168200.0,1672.0,911.0,1112.0,170900.0,1737.0
"Virginia Beach, VA",991.0,1185.0,240100.0,1701.0,1004.0,1192.0,247500.0,1712.0,1051.0,1233.0,254500.0,1762.0
"Visalia, CA",831.0,1010.0,220000.0,1483.0,877.0,1063.0,237000.0,1546.0,929.0,1125.0,252700.0,1636.0
"Westminster--Eldersburg, MD",1037.0,1167.0,345500.0,2106.0,1093.0,1221.0,348100.0,2100.0,1191.0,1366.0,360900.0,2144.0
"Wheeling, WV",486.0,631.0,95900.0,906.0,499.0,640.0,100800.0,931.0,545.0,690.0,107300.0,978.0
"Valdosta, GA",615.0,794.0,131900.0,1183.0,623.0,809.0,136200.0,1172.0,667.0,844.0,142000.0,1183.0
"Wausau, WI",647.0,755.0,138900.0,1164.0,676.0,784.0,141600.0,1170.0,710.0,830.0,152100.0,1233.0
"Washington, DC",1601.0,1725.0,455000.0,2470.0,1640.0,1753.0,467000.0,2503.0,1705.0,1818.0,482200.0,2600.0
"Waterbury, CT",832.0,997.0,179100.0,1774.0,838.0,1020.0,175900.0,1761.0,868.0,1075.0,183300.0,1805.0
"Waterloo, IA",652.0,802.0,140100.0,1152.0,666.0,819.0,140100.0,1145.0,688.0,845.0,144900.0,1212.0
"Watsonville, CA",1320.0,1424.0,483700.0,2212.0,1375.0,1506.0,519000.0,2345.0,1530.0,1620.0,572500.0,2448.0
"Prescott Valley--Prescott, AZ",813.0,964.0,260800.0,1353.0,856.0,1019.0,283700.0,1421.0,908.0,1078.0,310800.0,1456.0
"Santa Rosa, CA",1481.0,1620.0,562200.0,2361.0,1599.0,1743.0,592300.0,2483.0,1703.0,1844.0,617800.0,2623.0
"Shreveport, LA",666.0,839.0,156000.0,1203.0,671.0,857.0,157800.0,1222.0,695.0,884.0,161500.0,1277.0
"Sheboygan, WI",614.0,725.0,136300.0,1146.0,637.0,739.0,142500.0,1159.0,673.0,783.0,152200.0,1204.0
"Sarasota--Bradenton, FL",1054.0,1195.0,242200.0,1515.0,1114.0,1241.0,255400.0,1540.0,1192.0,1342.0,270800.0,1620.0
"Saratoga Springs, NY",1128.0,1254.0,277700.0,1838.0,1176.0,1271.0,279500.0,1774.0,1245.0,1363.0,290600.0,1858.0
"Savannah, GA",886.0,1089.0,185100.0,1446.0,913.0,1119.0,198400.0,1488.0,964.0,1171.0,203800.0,1512.0
"Spring Hill, FL",814.0,998.0,141700.0,1085.0,850.0,1026.0,156200.0,1122.0,894.0,1081.0,170600.0,1202.0
"State College, PA",986.0,1076.0,280500.0,1800.0,1017.0,1092.0,300500.0,1853.0,1036.0,1117.0,313800.0,1945.0
"Waco, TX",707.0,864.0,135900.0,1325.0,717.0,878.0,144000.0,1340.0,763.0,937.0,158600.0,1431.0
"Waldorf, MD",1446.0,1672.0,295300.0,2139.0,1509.0,1683.0,313100.0,2174.0,1598.0,1721.0,325100.0,2204.0
"Warner Robins, GA",728.0,915.0,139100.0,1235.0,738.0,931.0,151600.0,1279.0,786.0,977.0,155600.0,1300.0
"Syracuse, NY",760.0,867.0,139000.0,1359.0,778.0,886.0,142300.0,1352.0,817.0,924.0,147600.0,1427.0
"Tallahassee, FL",828.0,1029.0,204700.0,1441.0,837.0,1029.0,212800.0,1444.0,879.0,1074.0,222000.0,1491.0
"Tampa--St. Petersburg, FL",963.0,1128.0,201800.0,1489.0,1016.0,1173.0,218900.0,1514.0,1096.0,1244.0,236700.0,1599.0
"Temple, TX",741.0,894.0,145100.0,1319.0,761.0,931.0,148600.0,1334.0,802.0,975.0,159300.0,1407.0
"Terre Haute, IN",561.0,742.0,84200.0,903.0,569.0,757.0,89300.0,920.0,594.0,784.0,95200.0,945.0
"Texarkana--Texarkana, TX",606.0,766.0,123800.0,1214.0,609.0,772.0,135000.0,1275.0,634.0,817.0,140000.0,1319.0
"Texas City, TX",766.0,962.0,139000.0,1455.0,798.0,993.0,148000.0,1467.0,887.0,1062.0,163600.0,1561.0
"Thousand Oaks, CA",2031.0,2183.0,728000.0,2956.0,2131.0,2266.0,756600.0,3008.0,2246.0,2383.0,792100.0,3157.0
"Toledo, OH",600.0,756.0,124500.0,1246.0,611.0,771.0,130100.0,1250.0,643.0,817.0,137700.0,1296.0
"Tulsa, OK",704.0,869.0,154600.0,1319.0,716.0,881.0,157900.0,1321.0,754.0,929.0,165800.0,1380.0
"Providence, RI",839.0,975.0,261600.0,1866.0,864.0,1002.0,276400.0,1883.0,907.0,1075.0,293400.0,1957.0
"Provo--Orem, UT",919.0,1052.0,301800.0,1616.0,961.0,1090.0,332900.0,1652.0,1044.0,1182.0,363400.0,1735.0
"Pueblo, CO",664.0,823.0,155800.0,1196.0,699.0,848.0,164300.0,1201.0,735.0,879.0,179400.0,1276.0
"Pensacola, FL",783.0,996.0,150300.0,1220.0,816.0,1031.0,162100.0,1241.0,863.0,1086.0,177100.0,1325.0
"Peoria, IL",623.0,781.0,128500.0,1201.0,631.0,790.0,129300.0,1219.0,660.0,828.0,131500.0,1263.0
"Petaluma, CA",1667.0,1795.0,650000.0,2552.0,1782.0,1970.0,679400.0,2693.0,1925.0,2088.0,716000.0,2846.0
"Philadelphia, PA",970.0,1142.0,246000.0,1877.0,999.0,1172.0,254400.0,1879.0,1057.0,1229.0,265200.0,1938.0
"Phoenix--Mesa, AZ",946.0,1121.0,252900.0,1519.0,1005.0,1176.0,271600.0,1556.0,1104.0,1266.0,296800.0,1637.0
"Huntington, WV",547.0,735.0,125500.0,1104.0,558.0,743.0,126700.0,1098.0,581.0,772.0,130000.0,1142.0
"Huntsville, AL",696.0,852.0,194500.0,1356.0,737.0,883.0,199200.0,1351.0,775.0,930.0,213700.0,1419.0
"Idaho Falls, ID",668.0,815.0,172200.0,1182.0,665.0,798.0,189600.0,1206.0,724.0,876.0,215900.0,1282.0
"Houma, LA",700.0,832.0,157900.0,1306.0,722.0,848.0,159800.0,1341.0,745.0,888.0,163100.0,1363.0
"Houston, TX",942.0,1104.0,189400.0,1713.0,979.0,1138.0,201800.0,1752.0,1031.0,1189.0,214400.0,1841.0
"Indio--Cathedral City, CA",1007.0,1155.0,312300.0,1844.0,1056.0,1195.0,322300.0,1874.0,1121.0,1285.0,346100.0,1994.0
"Iowa City, IA",858.0,973.0,216000.0,1611.0,875.0,981.0,226600.0,1628.0,903.0,1023.0,235900.0,1720.0
"Milwaukee, WI",774.0,903.0,203200.0,1582.0,789.0,917.0,212500.0,1594.0,831.0,965.0,224600.0,1646.0
"Minneapolis--St. Paul, MN",1020.0,1118.0,257400.0,1735.0,1069.0,1162.0,271200.0,1758.0,1141.0,1225.0,286600.0,1842.0
"Mission Viejo--Lake Forest--San Clemente, CA",1996.0,2140.0,734100.0,3006.0,2095.0,2220.0,775800.0,3053.0,2217.0,2339.0,808000.0,3191.0
"Missoula, MT",781.0,860.0,273800.0,1602.0,816.0,905.0,292900.0,1591.0,867.0,966.0,314400.0,1663.0
"Mobile, AL",645.0,852.0,130600.0,1178.0,660.0,874.0,137900.0,1191.0,700.0,924.0,142700.0,1224.0
"Morgantown, WV",734.0,841.0,210500.0,1284.0,730.0,848.0,212000.0,1281.0,757.0,869.0,219800.0,1372.0
"Indianapolis, IN",756.0,933.0,166500.0,1300.0,780.0,955.0,176000.0,1307.0,825.0,1008.0,191300.0,1372.0
"Jackson, MI",644.0,785.0,95600.0,974.0,662.0,795.0,102400.0,962.0,693.0,851.0,108600.0,1029.0
"Jackson, MS",734.0,919.0,149700.0,1234.0,750.0,934.0,152200.0,1226.0,786.0,978.0,160500.0,1312.0
"Jackson, TN",624.0,876.0,129600.0,1209.0,622.0,874.0,134100.0,1180.0,655.0,912.0,143400.0,1244.0
"Jacksonville, FL",910.0,1090.0,193300.0,1437.0,938.0,1110.0,207600.0,1455.0,993.0,1170.0,222500.0,1503.0
"Jacksonville, NC",804.0,983.0,151100.0,1239.0,834.0,1004.0,152600.0,1195.0,857.0,1055.0,155200.0,1194.0
"Janesville, WI",715.0,854.0,144100.0,1245.0,740.0,874.0,153100.0,1248.0,765.0,907.0,161800.0,1291.0
"Norman, OK",722.0,871.0,172900.0,1385.0,736.0,874.0,174400.0,1398.0,765.0,914.0,182100.0,1462.0
"North Port--Port Charlotte, FL",932.0,1101.0,179000.0,1224.0,955.0,1120.0,194600.0,1291.0,1005.0,1175.0,208200.0,1365.0
"Newark, OH",613.0,793.0,137100.0,1157.0,623.0,809.0,143400.0,1167.0,666.0,834.0,155100.0,1216.0
"New Bedford, MA",714.0,856.0,262200.0,1752.0,733.0,884.0,272100.0,1796.0,776.0,948.0,289400.0,1878.0
"Napa, CA",1601.0,1707.0,624500.0,2565.0,1673.0,1793.0,652300.0,2635.0,1755.0,1917.0,676000.0,2785.0
"Juana Díaz, PR",366.0,482.0,92200.0,743.0,371.0,503.0,92900.0,747.0,367.0,513.0,93800.0,763.0
"Kalamazoo, MI",704.0,813.0,145900.0,1261.0,732.0,847.0,156500.0,1276.0,766.0,893.0,165800.0,1338.0
"Kankakee, IL",745.0,893.0,139800.0,1383.0,741.0,920.0,144100.0,1390.0,770.0,966.0,151500.0,1448.0
"Kansas City, MO",770.0,971.0,177900.0,1482.0,799.0,1002.0,190700.0,1502.0,854.0,1064.0,206300.0,1575.0
"Johnson City, TN",580.0,716.0,150500.0,1105.0,590.0,749.0,151500.0,1107.0,622.0,782.0,159000.0,1148.0
"Jonesboro, AR",640.0,758.0,144900.0,1063.0,662.0,778.0,153800.0,1107.0,696.0,820.0,162200.0,1175.0
"Joplin, MO",584.0,789.0,122700.0,1057.0,579.0,776.0,126400.0,1032.0,614.0,822.0,132900.0,1054.0
"Lubbock, TX",759.0,953.0,140800.0,1406.0,777.0,957.0,147700.0,1466.0,817.0,999.0,155700.0,1537.0
"Slidell, LA",841.0,1029.0,175800.0,1422.0,964.0,1150.0,180000.0,1411.0,948.0,1133.0,184900.0,1422.0
"Topeka, KS",641.0,825.0,118300.0,1175.0,646.0,826.0,120500.0,1177.0,675.0,881.0,123700.0,1213.0
"Tracy, CA",1549.0,1762.0,450100.0,2311.0,1624.0,1850.0,475500.0,2371.0,1746.0,1971.0,516500.0,2465.0
"St. Joseph, MO",585.0,784.0,114300.0,1079.0,583.0,783.0,117600.0,1094.0,621.0,816.0,120200.0,1115.0
"St. Louis, MO",732.0,923.0,176500.0,1445.0,746.0,932.0,184700.0,1451.0,782.0,971.0,195800.0,1510.0
"Lynchburg, VA",691.0,849.0,171300.0,1213.0,700.0,844.0,174900.0,1201.0,741.0,914.0,183200.0,1254.0
"McAllen, TX",577.0,737.0,88100.0,1158.0,602.0,757.0,91000.0,1184.0,637.0,804.0,96200.0,1247.0
"McKinney, TX",1269.0,1424.0,313700.0,2195.0,1353.0,1494.0,331400.0,2297.0,1451.0,1607.0,349200.0,2391.0
"Macon, GA",612.0,804.0,106100.0,1157.0,632.0,819.0,109900.0,1152.0,669.0,862.0,117300.0,1204.0
"Madera, CA",879.0,1022.0,223300.0,1381.0,899.0,1087.0,236900.0,1441.0,921.0,1133.0,253400.0,1589.0
"Madison, WI",974.0,1088.0,259000.0,1786.0,1004.0,1121.0,271300.0,1781.0,1076.0,1182.0,286700.0,1853.0
"Scranton, PA",615.0,779.0,124700.0,1245.0,623.0,779.0,126200.0,1234.0,656.0,823.0,132300.0,1267.0
"Seaside--Monterey, CA",1606.0,1716.0,707300.0,2671.0,1721.0,1826.0,742600.0,2775.0,1830.0,1934.0,773600.0,2846.0
"Seattle, WA",1365.0,1500.0,446900.0,2261.0,1450.0,1598.0,482400.0,2331.0,1560.0,1708.0,533900.0,2469.0
"Sebastian--Vero Beach South--Florida Ridge, FL",828.0,966.0,183800.0,1292.0,863.0,999.0,200400.0,1327.0,946.0,1096.0,223700.0,1394.0
"Sebring--Avon Park, FL",627.0,820.0,95300.0,967.0,626.0,804.0,108100.0,975.0,657.0,836.0,120600.0,1053.0
"South Bend, IN",645.0,789.0,121100.0,1034.0,674.0,822.0,126000.0,1051.0,722.0,877.0,133300.0,1098.0
"South Lyon--Howell, MI",902.0,1037.0,238200.0,1596.0,940.0,1067.0,249300.0,1610.0,986.0,1135.0,265500.0,1669.0
"Manchester, NH",999.0,1149.0,243700.0,1906.0,1014.0,1172.0,261200.0,1906.0,1086.0,1226.0,277000.0,1981.0
"Mandeville--Covington, LA",1005.0,1168.0,256100.0,1728.0,1026.0,1171.0,262700.0,1713.0,1076.0,1228.0,276200.0,1790.0
"Mansfield, OH",506.0,670.0,91800.0,983.0,513.0,667.0,95000.0,993.0,537.0,684.0,102300.0,999.0
"Manteca, CA",1248.0,1446.0,386100.0,2005.0,1330.0,1576.0,405400.0,2017.0,1411.0,1645.0,432200.0,2153.0
"Kingsport, TN",514.0,661.0,141700.0,1039.0,539.0,673.0,144900.0,1037.0,572.0,716.0,153100.0,1099.0
"Salem, OR",862.0,988.0,240800.0,1550.0,925.0,1054.0,263900.0,1579.0,987.0,1139.0,287300.0,1649.0
"Salinas, CA",1306.0,1414.0,447500.0,2128.0,1379.0,1509.0,478800.0,2147.0,1494.0,1642.0,508800.0,2278.0
"Salisbury, MD",817.0,1024.0,177900.0,1334.0,816.0,1014.0,183500.0,1356.0,860.0,1058.0,189700.0,1392.0
"Salt Lake City--West Valley City, UT",991.0,1116.0,302600.0,1634.0,1060.0,1174.0,332200.0,1684.0,1149.0,1256.0,363300.0,1767.0
"San Angelo, TX",743.0,886.0,135900.0,1325.0,755.0,906.0,141400.0,1314.0,784.0,921.0,150500.0,1373.0
"San Antonio, TX",864.0,1025.0,165200.0,1471.0,896.0,1058.0,174800.0,1523.0,954.0,1123.0,189100.0,1608.0
"San Diego, CA",1553.0,1657.0,565700.0,2571.0,1630.0,1731.0,597300.0,2645.0,1733.0,1841.0,628900.0,2768.0
"San Francisco--Oakland, CA",1792.0,1887.0,883600.0,3129.0,1897.0,1999.0,935500.0,3250.0,2007.0,2134.0,983100.0,3437.0
"San Germán--Cabo Rojo--Sabana Grande, PR",342.0,454.0,95800.0,738.0,344.0,457.0,95000.0,740.0,348.0,472.0,96300.0,721.0
"San Jose, CA",2181.0,2288.0,1002900.0,3392.0,2293.0,2409.0,1085400.0,3557.0,2414.0,2553.0,1159400.0,3817.0
"San Juan, PR",421.0,521.0,126200.0,959.0,431.0,533.0,125400.0,951.0,438.0,553.0,125200.0,960.0
"San Marcos, TX",911.0,1046.0,153700.0,1388.0,948.0,1086.0,159200.0,1396.0,1009.0,1158.0,163400.0,1434.0
"Santa Barbara, CA",1743.0,1818.0,936400.0,3139.0,1816.0,1893.0,957800.0,3304.0,1914.0,2032.0,984600.0,3492.0
"Santa Clarita, CA",1785.0,1904.0,549000.0,2720.0,1866.0,2019.0,575700.0,2786.0,1965.0,2177.0,600600.0,2894.0
"Santa Cruz, CA",1758.0,1853.0,793800.0,2844.0,1878.0,2006.0,825100.0,2980.0,1922.0,2080.0,865700.0,3167.0
"Santa Fe, NM",935.0,1065.0,275400.0,1515.0,993.0,1122.0,286800.0,1526.0,1037.0,1193.0,307700.0,1624.0
"Santa Maria, CA",1357.0,1464.0,362700.0,1899.0,1406.0,1515.0,380700.0,1962.0,1493.0,1617.0,399800.0,2087.0
"Kissimmee, FL",1087.0,1278.0,207000.0,1434.0,1128.0,1305.0,227700.0,1469.0,1250.0,1396.0,243700.0,1542.0
"Knoxville, TN",694.0,865.0,181200.0,1263.0,726.0,903.0,190500.0,1276.0,782.0,961.0,204300.0,1338.0
"La Crosse, WI",716.0,833.0,166600.0,1354.0,734.0,852.0,174600.0,1377.0,778.0,895.0,186500.0,1424.0
"Lady Lake--The Villages, FL",827.0,986.0,221200.0,1173.0,819.0,992.0,228100.0,1200.0,889.0,1099.0,235500.0,1206.0
"Lafayette--Louisville--Erie, CO",1599.0,1694.0,502100.0,2186.0,1725.0,1828.0,550700.0,2245.0,1828.0,1927.0,596900.0,2396.0
"Lake Charles, LA",694.0,832.0,156100.0,1165.0,708.0,840.0,155100.0,1196.0,761.0,906.0,166900.0,1252.0
"Rochester, MN",857.0,962.0,198800.0,1460.0,896.0,1013.0,217600.0,1483.0,950.0,1080.0,234500.0,1571.0
"Rochester, NY",809.0,929.0,147400.0,1406.0,832.0,949.0,151000.0,1405.0,874.0,993.0,159100.0,1454.0
"Rockford, IL",644.0,800.0,116300.0,1222.0,663.0,825.0,118700.0,1211.0,704.0,871.0,123300.0,1239.0
"Rock Hill, SC",746.0,965.0,173900.0,1228.0,801.0,1006.0,183700.0,1231.0,856.0,1086.0,201200.0,1291.0
"Rocky Mount, NC",543.0,800.0,118400.0,1195.0,548.0,791.0,117900.0,1186.0,598.0,846.0,122000.0,1208.0
"Riverside--San Bernardino, CA",1174.0,1323.0,347000.0,1913.0,1222.0,1385.0,368100.0,1991.0,1318.0,1485.0,390000.0,2102.0
"Roanoke, VA",703.0,865.0,174300.0,1230.0,710.0,849.0,180100.0,1249.0,746.0,891.0,186700.0,1311.0
"Sherman, TX",713.0,865.0,110200.0,1204.0,740.0,904.0,115100.0,1223.0,799.0,996.0,127900.0,1329.0
"Fort Smith, AR",525.0,690.0,118400.0,990.0,535.0,702.0,127600.0,1002.0,561.0,745.0,132500.0,1058.0
"Florida--Imbéry--Barceloneta, PR",369.0,490.0,97500.0,711.0,380.0,499.0,97700.0,716.0,401.0,546.0,97500.0,724.0
"Florence, SC",604.0,779.0,143100.0,1179.0,619.0,784.0,145600.0,1153.0,653.0,828.0,147900.0,1176.0
"Fort Collins, CO",1212.0,1310.0,346600.0,1677.0,1242.0,1352.0,372300.0,1720.0,1321.0,1431.0,397500.0,1826.0
"Fort Walton Beach--Navarre--Wright, FL",998.0,1195.0,245600.0,1634.0,1064.0,1248.0,266200.0,1680.0,1174.0,1347.0,281400.0,1786.0
"Fort Wayne, IN",620.0,771.0,123300.0,1031.0,632.0,788.0,130300.0,1049.0,670.0,837.0,142400.0,1109.0
"Four Corners, FL",1190.0,1398.0,175800.0,1374.0,1331.0,1522.0,199000.0,1390.0,1416.0,1594.0,216700.0,1437.0
"Frederick, MD",1318.0,1461.0,315200.0,2059.0,1313.0,1450.0,324600.0,2072.0,1371.0,1530.0,339700.0,2126.0
"Lake Jackson--Angleton, TX",831.0,1017.0,144300.0,1562.0,883.0,1065.0,154200.0,1491.0,962.0,1137.0,169400.0,1594.0
"Lakeland, FL",791.0,975.0,155900.0,1266.0,835.0,1022.0,168100.0,1298.0,887.0,1086.0,182100.0,1362.0
"Lafayette, IN",715.0,851.0,143600.0,1107.0,737.0,877.0,152200.0,1104.0,770.0,926.0,160400.0,1146.0
"Lafayette, LA",688.0,854.0,175800.0,1336.0,697.0,858.0,182400.0,1314.0,730.0,896.0,186500.0,1384.0
"Lancaster, PA",858.0,1013.0,197400.0,1503.0,889.0,1053.0,207500.0,1511.0,952.0,1125.0,219100.0,1579.0
"Lancaster--Palmdale, CA",1095.0,1233.0,274700.0,1712.0,1129.0,1272.0,294400.0,1777.0,1225.0,1401.0,321700.0,1889.0
"Lansing, MI",749.0,879.0,139300.0,1294.0,769.0,911.0,147400.0,1297.0,803.0,951.0,157100.0,1356.0
"Modesto, CA",967.0,1162.0,282800.0,1670.0,1031.0,1230.0,300500.0,1706.0,1111.0,1344.0,327300.0,1812.0
"Monroe, LA",563.0,755.0,135400.0,1085.0,580.0,759.0,144000.0,1132.0,609.0,802.0,148200.0,1164.0
"Montgomery, AL",690.0,900.0,128800.0,1130.0,703.0,925.0,131000.0,1116.0,723.0,954.0,134200.0,1152.0
"Fredericksburg, VA",1177.0,1358.0,293500.0,1855.0,1187.0,1386.0,302600.0,1873.0,1263.0,1462.0,319900.0,1928.0
"Fresno, CA",861.0,1036.0,262400.0,1679.0,885.0,1070.0,277500.0,1699.0,944.0,1142.0,294900.0,1768.0
"Gainesville, FL",826.0,993.0,189100.0,1462.0,851.0,1013.0,205000.0,1470.0,913.0,1095.0,211500.0,1474.0
"Gainesville, GA",766.0,961.0,185200.0,1318.0,812.0,987.0,193800.0,1333.0,881.0,1076.0,211500.0,1411.0
"Gastonia, NC",639.0,846.0,142600.0,1171.0,668.0,867.0,153900.0,1191.0,733.0,934.0,167200.0,1263.0
"Laredo, TX",660.0,849.0,128300.0,1382.0,672.0,856.0,138000.0,1404.0,704.0,901.0,146100.0,1480.0
"Las Cruces, NM",658.0,771.0,153500.0,1177.0,672.0,783.0,157200.0,1180.0,697.0,802.0,163900.0,1223.0
"Las Vegas--Henderson, NV",970.0,1137.0,261900.0,1515.0,1027.0,1185.0,284000.0,1560.0,1105.0,1262.0,306700.0,1635.0
"Lawrence, KS",762.0,915.0,195100.0,1516.0,779.0,948.0,203500.0,1532.0,806.0,974.0,214700.0,1612.0
"Lawton, OK",646.0,831.0,113100.0,1119.0,637.0,808.0,111600.0,1078.0,649.0,819.0,115700.0,1122.0
"Lebanon, PA",694.0,866.0,152400.0,1252.0,718.0,866.0,157400.0,1251.0,734.0,909.0,163100.0,1304.0
"Leesburg--Eustis--Tavares, FL",767.0,957.0,150300.0,1163.0,771.0,959.0,157800.0,1247.0,818.0,1010.0,171200.0,1298.0
"Lee's Summit, MO",917.0,1092.0,214700.0,1595.0,922.0,1081.0,228300.0,1644.0,1002.0,1175.0,243100.0,1733.0
"Murfreesboro, TN",910.0,1051.0,228000.0,1436.0,966.0,1100.0,246000.0,1472.0,1019.0,1153.0,263900.0,1560.0
"Murrieta--Temecula--Menifee, CA",1547.0,1714.0,387800.0,2228.0,1638.0,1805.0,411800.0,2308.0,1721.0,1920.0,435700.0,2407.0
"Muskegon, MI",638.0,781.0,127400.0,1112.0,659.0,796.0,136100.0,1136.0,706.0,847.0,149300.0,1180.0
"Myrtle Beach--Socastee, SC",833.0,987.0,194100.0,1280.0,850.0,996.0,198500.0,1289.0,909.0,1066.0,213500.0,1321.0
"Nampa, ID",743.0,901.0,167900.0,1095.0,789.0,943.0,195500.0,1142.0,852.0,1030.0,227400.0,1229.0
"Mount Vernon, WA",949.0,1079.0,264100.0,1579.0,993.0,1126.0,297700.0,1693.0,1091.0,1196.0,326800.0,1831.0
"Muncie, IN",567.0,729.0,84600.0,889.0,568.0,723.0,89000.0,888.0,603.0,762.0,93900.0,931.0
"New York--Newark, NY",1322.0,1439.0,454000.0,2813.0,1363.0,1483.0,468900.0,2836.0,1438.0,1573.0,486900.0,2942.0
"Gilroy--Morgan Hill, CA",1724.0,1830.0,771300.0,3131.0,1737.0,1877.0,818100.0,3354.0,1882.0,2070.0,863500.0,3463.0
"Glens Falls, NY",785.0,922.0,173100.0,1404.0,797.0,928.0,178300.0,1391.0,833.0,963.0,184500.0,1495.0
"Grand Junction, CO",842.0,958.0,210800.0,1258.0,838.0,957.0,231200.0,1284.0,860.0,979.0,248000.0,1340.0
"Grand Rapids, MI",793.0,907.0,170300.0,1255.0,829.0,942.0,182900.0,1276.0,888.0,1008.0,199600.0,1344.0
"Evansville, IN",604.0,778.0,131700.0,1110.0,619.0,804.0,137400.0,1114.0,655.0,839.0,143600.0,1164.0
"Little Rock, AR",687.0,862.0,153800.0,1227.0,692.0,870.0,158200.0,1238.0,725.0,914.0,164300.0,1282.0
"Livermore, CA",1900.0,2061.0,744100.0,2985.0,2053.0,2163.0,805300.0,3191.0,2143.0,2309.0,851300.0,3408.0
"Lodi, CA",965.0,1178.0,325700.0,1751.0,1029.0,1265.0,346000.0,1853.0,1118.0,1351.0,369800.0,1929.0
"Logan, UT",660.0,800.0,231800.0,1339.0,711.0,840.0,249800.0,1364.0,778.0,924.0,276700.0,1435.0
"Lexington-Fayette, KY",747.0,894.0,186400.0,1333.0,771.0,917.0,197500.0,1333.0,812.0,964.0,213400.0,1393.0
"Lima, OH",531.0,699.0,96500.0,1047.0,542.0,720.0,99500.0,1033.0,580.0,760.0,109200.0,1089.0
"Lincoln, NE",727.0,849.0,167200.0,1352.0,751.0,869.0,176200.0,1377.0,792.0,917.0,189100.0,1429.0
"Leominster--Fitchburg, MA",812.0,953.0,215300.0,1704.0,825.0,960.0,232900.0,1762.0,865.0,1015.0,247900.0,1846.0
"Nashua, NH",1145.0,1261.0,281900.0,2105.0,1173.0,1288.0,297900.0,2116.0,1264.0,1388.0,321200.0,2231.0
"Nashville-Davidson, TN",959.0,1126.0,257500.0,1503.0,1032.0,1191.0,278800.0,1535.0,1126.0,1279.0,303000.0,1632.0
"Racine, WI",696.0,842.0,145100.0,1346.0,711.0,863.0,153100.0,1348.0,747.0,896.0,162700.0,1371.0
"Raleigh, NC",992.0,1150.0,273800.0,1620.0,1054.0,1204.0,291900.0,1656.0,1132.0,1275.0,313900.0,1728.0
"Rapid City, SD",733.0,843.0,178300.0,1374.0,742.0,859.0,186500.0,1383.0,781.0,904.0,197800.0,1430.0
"Reading, PA",742.0,933.0,159700.0,1439.0,756.0,942.0,165200.0,1453.0,791.0,977.0,171200.0,1511.0
"Redding, CA",836.0,1051.0,241200.0,1563.0,860.0,1079.0,249200.0,1597.0,901.0,1146.0,267800.0,1659.0
"Simi Valley, CA",1865.0,2017.0,583500.0,2637.0,1966.0,2129.0,611500.0,2675.0,2107.0,2277.0,633300.0,2829.0
"Sioux City, IA",649.0,810.0,121100.0,1128.0,671.0,819.0,130600.0,1172.0,707.0,858.0,138200.0,1237.0
"Sioux Falls, SD",740.0,822.0,187400.0,1358.0,744.0,829.0,203600.0,1412.0,790.0,875.0,216200.0,1479.0
"Fairbanks, AK",1244.0,1331.0,228900.0,1824.0,1205.0,1310.0,232500.0,1788.0,1231.0,1359.0,237900.0,1836.0
"Fairfield, CA",1455.0,1628.0,389900.0,2156.0,1559.0,1723.0,416500.0,2230.0,1652.0,1873.0,446500.0,2345.0
"Fajardo, PR",373.0,493.0,98900.0,739.0,389.0,515.0,99500.0,719.0,409.0,547.0,99900.0,704.0
"Eugene, OR",880.0,1005.0,258200.0,1550.0,913.0,1053.0,276200.0,1598.0,971.0,1113.0,299800.0,1683.0
"Spokane, WA",786.0,918.0,213200.0,1397.0,826.0,954.0,233800.0,1414.0,887.0,1017.0,261600.0,1510.0
"Spartanburg, SC",632.0,811.0,141900.0,1095.0,654.0,849.0,150200.0,1119.0,713.0,903.0,162600.0,1193.0
"Springfield, MA",822.0,957.0,213100.0,1639.0,831.0,966.0,221100.0,1658.0,878.0,1025.0,232800.0,1731.0
"Springfield, OH",568.0,743.0,101200.0,996.0,568.0,756.0,103700.0,1000.0,575.0,753.0,111100.0,1038.0
"Springfield, IL",654.0,821.0,136300.0,1261.0,656.0,828.0,137300.0,1255.0,673.0,860.0,139200.0,1290.0
"Longmont, CO",1213.0,1343.0,359100.0,1687.0,1287.0,1432.0,387900.0,1758.0,1391.0,1536.0,414900.0,1845.0
"Longview, TX",710.0,864.0,139100.0,1272.0,726.0,877.0,144000.0,1267.0,751.0,917.0,150600.0,1345.0
"Longview, WA",720.0,851.0,187000.0,1341.0,741.0,875.0,207700.0,1368.0,795.0,961.0,233500.0,1494.0
"Lorain--Elyria, OH",602.0,744.0,112000.0,1136.0,610.0,757.0,115800.0,1124.0,635.0,795.0,121500.0,1166.0
"Los Angeles--Long Beach--Anaheim, CA",1420.0,1529.0,606600.0,2546.0,1485.0,1610.0,635000.0,2622.0,1596.0,1722.0,666600.0,2764.0
"Louisville/Jefferson County, KY",700.0,861.0,167600.0,1293.0,728.0,889.0,174000.0,1306.0,771.0,943.0,186500.0,1368.0
"Ponce, PR",285.0,372.0,98600.0,788.0,300.0,384.0,99700.0,787.0,311.0,416.0,100100.0,803.0
"Pittsburgh, PA",702.0,858.0,156200.0,1363.0,721.0,877.0,161700.0,1374.0,756.0,922.0,170200.0,1431.0
"Port Arthur, TX",707.0,858.0,109000.0,1315.0,716.0,869.0,112400.0,1327.0,762.0,929.0,123100.0,1428.0
"Pocatello, ID",579.0,689.0,153300.0,1132.0,601.0,703.0,160700.0,1114.0,641.0,738.0,175600.0,1193.0
"Springfield, MO",620.0,772.0,142200.0,1106.0,633.0,787.0,148600.0,1132.0,662.0,823.0,155900.0,1168.0
"Fargo, ND",762.0,834.0,211700.0,1480.0,767.0,834.0,219700.0,1508.0,781.0,853.0,230300.0,1572.0
"Fayetteville, NC",732.0,949.0,135400.0,1226.0,739.0,953.0,138900.0,1240.0,779.0,1003.0,143600.0,1299.0
"Fayetteville--Springdale--Rogers, AR",683.0,844.0,175100.0,1281.0,715.0,870.0,188500.0,1339.0,760.0,935.0,203600.0,1396.0
"Flagstaff, AZ",1151.0,1272.0,341300.0,1718.0,1177.0,1290.0,355300.0,1729.0,1289.0,1402.0,379300.0,1832.0
"Flint, MI",586.0,766.0,100900.0,1164.0,599.0,780.0,108900.0,1180.0,635.0,828.0,121600.0,1248.0
"Florence, AL",474.0,671.0,136600.0,1081.0,482.0,685.0,138200.0,1105.0,499.0,726.0,142900.0,1116.0
"Kailua (Honolulu County)--Kaneohe, HI",2250.0,2424.0,843000.0,2885.0,2331.0,2483.0,869800.0,2923.0,2459.0,2580.0,900200.0,3158.0
"Porterville, CA",751.0,933.0,167100.0,1218.0,743.0,938.0,173600.0,1246.0,785.0,992.0,199500.0,1337.0
"Port Huron, MI",646.0,805.0,128000.0,1114.0,657.0,837.0,136000.0,1157.0,699.0,900.0,144700.0,1207.0
"Portland, ME",1010.0,1098.0,277300.0,1797.0,1070.0,1158.0,290300.0,1816.0,1130.0,1225.0,318400.0,1893.0
"Portland, OR",1164.0,1288.0,370100.0,1904.0,1227.0,1360.0,393000.0,1953.0,1322.0,1446.0,421600.0,2071.0
"Port St. Lucie, FL",1018.0,1174.0,210800.0,1464.0,1060.0,1202.0,227100.0,1519.0,1116.0,1255.0,245000.0,1604.0
"Portsmouth, NH",1158.0,1249.0,372900.0,2209.0,1188.0,1300.0,398700.0,2255.0,1309.0,1409.0,424900.0,2322.0
"Pottstown, PA",863.0,1008.0,218800.0,1770.0,867.0,1007.0,225100.0,1773.0,926.0,1087.0,232800.0,1826.0
"Poughkeepsie--Newburgh, NY",1090.0,1244.0,270700.0,2284.0,1114.0,1261.0,278900.0,2293.0,1174.0,1333.0,292900.0,2377.0
"Midland, TX",1037.0,1235.0,203600.0,1673.0,1042.0,1216.0,216700.0,1697.0,1078.0,1233.0,228700.0,1824.0
"Rome, GA",547.0,751.0,125600.0,1175.0,575.0,775.0,124600.0,1157.0,606.0,821.0,137900.0,1196.0
"Round Lake Beach--McHenry--Grayslake, IL",1043.0,1212.0,193400.0,1780.0,1055.0,1216.0,201700.0,1789.0,1106.0,1278.0,211300.0,1838.0
"Reno, NV",942.0,1067.0,324800.0,1631.0,1021.0,1143.0,350500.0,1678.0,1127.0,1242.0,378400.0,1767.0
"Richmond, VA",945.0,1121.0,231900.0,1552.0,974.0,1143.0,241300.0,1561.0,1030.0,1206.0,256400.0,1622.0
"Killeen, TX",765.0,940.0,126600.0,1277.0,772.0,949.0,131000.0,1276.0,808.0,990.0,142900.0,1355.0
"Kennewick--Pasco, WA",852.0,971.0,222400.0,1445.0,880.0,1009.0,241900.0,1480.0,935.0,1074.0,268400.0,1584.0
"Kenosha, WI",790.0,912.0,164500.0,1480.0,812.0,932.0,173200.0,1461.0,873.0,1008.0,184400.0,1488.0
"Medford, OR",856.0,994.0,262100.0,1513.0,924.0,1067.0,276800.0,1552.0,980.0,1130.0,302000.0,1636.0
"Mayagüez, PR",340.0,421.0,96200.0,771.0,348.0,421.0,96200.0,759.0,334.0,417.0,97300.0,780.0
"Marysville, WA",1216.0,1393.0,347500.0,1948.0,1268.0,1440.0,372400.0,2024.0,1378.0,1578.0,408300.0,2123.0
"Mauldin--Simpsonville, SC",907.0,1069.0,206700.0,1366.0,957.0,1133.0,215900.0,1388.0,1047.0,1212.0,230900.0,1433.0
"Memphis, TN",724.0,943.0,146700.0,1314.0,741.0,957.0,155100.0,1339.0,781.0,1014.0,165900.0,1389.0
"Merced, CA",823.0,994.0,234300.0,1468.0,853.0,1028.0,250200.0,1507.0,916.0,1106.0,268800.0,1610.0
"Sacramento, CA",1145.0,1289.0,375400.0,2020.0,1209.0,1367.0,397900.0,2085.0,1315.0,1468.0,428200.0,2200.0
"Saginaw, MI",589.0,788.0,77800.0,1008.0,597.0,793.0,80000.0,1012.0,618.0,827.0,84800.0,1041.0
"St. Augustine, FL",935.0,1084.0,255900.0,1464.0,1020.0,1134.0,271600.0,1466.0,1127.0,1230.0,279800.0,1529.0
"St. Cloud, MN",752.0,822.0,165600.0,1324.0,775.0,845.0,171200.0,1331.0,824.0,905.0,180300.0,1374.0
"St. George, UT",883.0,1016.0,274100.0,1489.0,942.0,1106.0,294300.0,1491.0,999.0,1181.0,325700.0,1567.0
"Great Falls, MT",687.0,771.0,174500.0,1222.0,695.0,778.0,178900.0,1235.0,711.0,785.0,186800.0,1282.0
"Greeley, CO",930.0,1045.0,239900.0,1406.0,969.0,1091.0,263400.0,1465.0,1022.0,1151.0,284900.0,1578.0
"Green Bay, WI",682.0,789.0,165300.0,1336.0,708.0,815.0,170400.0,1306.0,743.0,855.0,180000.0,1359.0
"Grand Forks, ND",726.0,804.0,206700.0,1477.0,728.0,808.0,208300.0,1498.0,757.0,837.0,214500.0,1553.0
"Greensboro, NC",730.0,879.0,166200.0,1243.0,749.0,893.0,171800.0,1241.0,792.0,944.0,180800.0,1321.0
"Gulfport, MS",720.0,897.0,146500.0,1251.0,748.0,916.0,157400.0,1266.0,777.0,969.0,160400.0,1298.0
"Greenville, NC",623.0,807.0,158300.0,1359.0,637.0,804.0,156800.0,1319.0,676.0,857.0,164100.0,1352.0
"Greenville, SC",696.0,866.0,164100.0,1180.0,728.0,892.0,174500.0,1215.0,781.0,948.0,187700.0,1275.0
"Miami, FL",1234.0,1367.0,279500.0,1824.0,1276.0,1412.0,297200.0,1868.0,1362.0,1495.0,316500.0,1974.0
"Michigan City--La Porte, IN",607.0,725.0,112500.0,995.0,616.0,745.0,118700.0,975.0,641.0,786.0,122400.0,1043.0
"Middletown, OH",620.0,805.0,121900.0,1162.0,640.0,829.0,126400.0,1160.0,673.0,873.0,131700.0,1197.0
"New Haven, CT",1020.0,1194.0,257000.0,2033.0,1039.0,1210.0,263600.0,2058.0,1080.0,1272.0,271500.0,2137.0
"New Orleans, LA",832.0,984.0,194200.0,1495.0,843.0,1002.0,202700.0,1485.0,882.0,1053.0,210200.0,1548.0
"Guayama, PR",283.0,400.0,87000.0,681.0,287.0,402.0,85700.0,664.0,293.0,419.0,85500.0,664.0
"Hanford, CA",807.0,993.0,219100.0,1498.0,851.0,1038.0,231400.0,1512.0,905.0,1107.0,246200.0,1635.0
"Hanover, PA",760.0,931.0,174600.0,1476.0,776.0,941.0,178300.0,1489.0,820.0,997.0,185100.0,1529.0
"Harlingen, TX",557.0,718.0,73300.0,1124.0,567.0,740.0,77400.0,1136.0,603.0,786.0,83500.0,1184.0
"Hagerstown, MD",790.0,958.0,176500.0,1367.0,812.0,974.0,184900.0,1376.0,832.0,1008.0,194900.0,1419.0
"Hammond, LA",674.0,830.0,163700.0,1179.0,657.0,819.0,168400.0,1206.0,722.0,874.0,174400.0,1242.0
"Harrisburg, PA",821.0,978.0,183300.0,1475.0,837.0,994.0,189800.0,1481.0,881.0,1046.0,196900.0,1530.0
"Norwich--New London, CT",950.0,1117.0,238200.0,1840.0,967.0,1134.0,245200.0,1851.0,1000.0,1188.0,253800.0,1893.0
"Ocala, FL",729.0,916.0,128400.0,1093.0,765.0,949.0,139600.0,1131.0,820.0,1033.0,152000.0,1154.0
"Odessa, TX",868.0,1053.0,138700.0,1424.0,880.0,1062.0,144900.0,1413.0,929.0,1122.0,153200.0,1545.0
"Ogden--Layton, UT",859.0,987.0,252100.0,1479.0,910.0,1046.0,280900.0,1527.0,976.0,1120.0,315100.0,1610.0
"Owensboro, KY",566.0,767.0,122100.0,1086.0,592.0,815.0,132500.0,1116.0,618.0,834.0,138600.0,1176.0
"Oxnard, CA",1526.0,1628.0,491200.0,2301.0,1599.0,1690.0,518700.0,2327.0,1676.0,1785.0,552900.0,2447.0
"Harrisonburg, VA",769.0,894.0,232300.0,1342.0,800.0,934.0,245200.0,1348.0,837.0,966.0,257100.0,1408.0
"Hartford, CT",944.0,1107.0,237000.0,1938.0,966.0,1130.0,239500.0,1945.0,1002.0,1185.0,245100.0,2001.0
"Hattiesburg, MS",630.0,832.0,147100.0,1180.0,628.0,830.0,144800.0,1198.0,680.0,882.0,157100.0,1269.0
"Hemet, CA",966.0,1154.0,212100.0,1516.0,1019.0,1198.0,232900.0,1605.0,1085.0,1256.0,252900.0,1709.0
"Oshkosh, WI",640.0,748.0,137500.0,1222.0,662.0,780.0,146000.0,1233.0,699.0,809.0,152000.0,1280.0
"Oklahoma City, OK",708.0,888.0,151400.0,1338.0,729.0,901.0,156100.0,1343.0,771.0,953.0,162200.0,1400.0
"Olympia--Lacey, WA",1101.0,1219.0,284100.0,1770.0,1166.0,1284.0,310500.0,1792.0,1254.0,1386.0,341100.0,1895.0
"Omaha, NE",785.0,939.0,167500.0,1486.0,812.0,964.0,175700.0,1499.0,857.0,1016.0,189100.0,1587.0
"Hickory, NC",514.0,690.0,132000.0,1048.0,535.0,709.0,138800.0,1059.0,562.0,739.0,146700.0,1104.0
"High Point, NC",621.0,832.0,144300.0,1187.0,624.0,841.0,150900.0,1185.0,666.0,894.0,157600.0,1229.0
"Hilton Head Island, SC",1185.0,1338.0,392400.0,1894.0,1246.0,1388.0,393300.0,1851.0,1330.0,1474.0,406000.0,1880.0
"Holland, MI",778.0,889.0,171700.0,1249.0,817.0,920.0,184800.0,1306.0,858.0,971.0,199900.0,1330.0
"Homosassa Springs--Beverly Hills--Citrus Springs, FL",669.0,855.0,124500.0,951.0,689.0,856.0,134200.0,971.0,749.0,924.0,145700.0,1024.0
"Orlando, FL",1048.0,1211.0,233100.0,1545.0,1125.0,1279.0,253900.0,1580.0,1209.0,1368.0,272100.0,1661.0
"Palm Bay--Melbourne, FL",930.0,1090.0,204000.0,1366.0,970.0,1129.0,226300.0,1425.0,1060.0,1204.0,240600.0,1479.0
"Palm Coast--Daytona Beach--Port Orange, FL",900.0,1065.0,192300.0,1309.0,964.0,1128.0,210600.0,1353.0,996.0,1180.0,224800.0,1398.0
"Panama City, FL",837.0,1040.0,186200.0,1430.0,876.0,1091.0,200100.0,1429.0,982.0,1185.0,216200.0,1497.0
"Parkersburg, WV",550.0,704.0,111200.0,898.0,563.0,708.0,113600.0,913.0,594.0,755.0,117200.0,934.0
"Casper, WY",728.0,839.0,198300.0,1340.0,726.0,825.0,204700.0,1339.0,771.0,871.0,206100.0,1392.0
"Cedar Rapids, IA",642.0,763.0,149300.0,1316.0,650.0,779.0,153100.0,1329.0,691.0,828.0,159000.0,1359.0
"Charleston, WV",553.0,741.0,122200.0,1075.0,559.0,741.0,125600.0,1084.0,603.0,792.0,128200.0,1117.0
"Charleston--North Charleston, SC",963.0,1167.0,240500.0,1546.0,1020.0,1205.0,254300.0,1562.0,1080.0,1278.0,272900.0,1633.0
"Champaign, IL",765.0,894.0,160000.0,1400.0,746.0,880.0,162600.0,1405.0,780.0,912.0,166200.0,1451.0
"Worcester, MA",919.0,1075.0,271700.0,1902.0,934.0,1096.0,286300.0,1957.0,984.0,1168.0,304800.0,2058.0
"Yakima, WA",699.0,851.0,180500.0,1335.0,752.0,904.0,198300.0,1392.0,782.0,943.0,219700.0,1473.0
"Yauco, PR",275.0,386.0,87000.0,685.0,275.0,390.0,86300.0,690.0,269.0,402.0,85300.0,733.0
"York, PA",785.0,971.0,161600.0,1466.0,810.0,996.0,165700.0,1474.0,852.0,1045.0,170800.0,1522.0
"Youngstown, OH",543.0,678.0,91900.0,994.0,547.0,678.0,94200.0,991.0,570.0,700.0,99100.0,1033.0
"Yuba City, CA",852.0,996.0,254300.0,1600.0,881.0,1039.0,277100.0,1662.0,937.0,1104.0,291600.0,1701.0
"Charlotte, NC",971.0,1137.0,246800.0,1532.0,1036.0,1182.0,262600.0,1548.0,1118.0,1264.0,282200.0,1630.0
"Charlottesville, VA",1090.0,1230.0,301900.0,1688.0,1165.0,1289.0,319700.0,1703.0,1250.0,1371.0,341300.0,1819.0
"Chattanooga, TN",685.0,852.0,165900.0,1227.0,727.0,890.0,172900.0,1231.0,773.0,944.0,187100.0,1275.0
"Cheyenne, WY",794.0,937.0,204400.0,1421.0,790.0,920.0,218600.0,1432.0,825.0,944.0,229900.0,1498.0
"Chicago, IL",983.0,1131.0,245300.0,1914.0,1024.0,1165.0,253300.0,1934.0,1085.0,1220.0,264200.0,2008.0
"Chico, CA",964.0,1101.0,335500.0,1835.0,1005.0,1145.0,356900.0,1911.0,1076.0,1225.0,377400.0,2003.0
"Cincinnati, OH",708.0,856.0,170200.0,1415.0,727.0,871.0,177200.0,1421.0,767.0,919.0,189300.0,1463.0
"Cleveland, OH",705.0,831.0,152100.0,1381.0,725.0,851.0,156500.0,1381.0,765.0,895.0,165000.0,1432.0
"Clarksville, TN",787.0,979.0,155700.0,1188.0,794.0,981.0,164600.0,1215.0,842.0,1027.0,172600.0,1298.0
"Cleveland, TN",594.0,781.0,153200.0,1121.0,604.0,795.0,158900.0,1146.0,641.0,838.0,172900.0,1212.0
"College Station--Bryan, TX",782.0,950.0,188700.0,1549.0,793.0,962.0,200900.0,1589.0,839.0,1006.0,211400.0,1640.0
"Colorado Springs, CO",1013.0,1162.0,261900.0,1546.0,1081.0,1221.0,286800.0,1591.0,1189.0,1326.0,314400.0,1689.0
"Columbia, MO",701.0,877.0,174700.0,1351.0,709.0,881.0,189700.0,1390.0,752.0,924.0,197900.0,1405.0
"Columbia, SC",764.0,967.0,161000.0,1251.0,797.0,990.0,166700.0,1251.0,834.0,1037.0,173400.0,1311.0
"Elizabethtown--Radcliff, KY",680.0,839.0,150100.0,1173.0,674.0,823.0,148900.0,1174.0,710.0,869.0,151100.0,1209.0
"Elkhart, IN",663.0,798.0,129700.0,1029.0,668.0,812.0,133300.0,1024.0,704.0,849.0,139800.0,1064.0
"Elmira, NY",675.0,804.0,97200.0,1105.0,715.0,858.0,98000.0,1099.0,756.0,914.0,104500.0,1172.0
"El Paso, TX",698.0,819.0,118900.0,1201.0,712.0,834.0,122700.0,1223.0,750.0,887.0,125800.0,1297.0
"El Paso de Robles (Paso Robles)--Atascadero, CA",1234.0,1329.0,474300.0,2204.0,1282.0,1393.0,505600.0,2278.0,1408.0,1573.0,530100.0,2339.0
"Coeur d'Alene, ID",853.0,994.0,240500.0,1276.0,888.0,1039.0,273900.0,1342.0,949.0,1087.0,301700.0,1439.0
"Conroe--The Woodlands, TX",1098.0,1231.0,245500.0,1890.0,1127.0,1267.0,254800.0,1947.0,1189.0,1334.0,267400.0,2028.0
"Conway, AR",653.0,829.0,162000.0,1209.0,650.0,820.0,166500.0,1191.0,671.0,862.0,174600.0,1236.0
"Concord, CA",1950.0,2099.0,859800.0,3295.0,2073.0,2218.0,899500.0,3416.0,2218.0,2360.0,946600.0,3637.0
"Concord, NC",665.0,849.0,158400.0,1212.0,689.0,873.0,169400.0,1249.0,736.0,936.0,183600.0,1340.0
"Columbus, GA",693.0,888.0,131800.0,1184.0,706.0,903.0,133800.0,1175.0,726.0,933.0,137600.0,1199.0
"Columbus, OH",804.0,980.0,192600.0,1556.0,838.0,1010.0,202600.0,1567.0,896.0,1079.0,220200.0,1630.0
"Corpus Christi, TX",853.0,1037.0,142700.0,1518.0,878.0,1066.0,151400.0,1547.0,919.0,1111.0,158500.0,1617.0
"Corvallis, OR",970.0,1080.0,320400.0,1748.0,1051.0,1151.0,353200.0,1765.0,1108.0,1198.0,376900.0,1833.0
"Williamsburg, VA",1190.0,1327.0,328400.0,1764.0,1109.0,1228.0,337000.0,1833.0,1147.0,1263.0,345100.0,1900.0
"Wichita, KS",628.0,824.0,137100.0,1272.0,640.0,836.0,142200.0,1284.0,672.0,873.0,150400.0,1352.0
"Wichita Falls, TX",633.0,796.0,103800.0,1180.0,663.0,829.0,106100.0,1213.0,712.0,870.0,110000.0,1249.0
"Alton, IL",604.0,797.0,98600.0,1065.0,615.0,811.0,102900.0,1066.0,634.0,836.0,105800.0,1118.0
"Amarillo, TX",682.0,842.0,131900.0,1271.0,708.0,864.0,138000.0,1282.0,743.0,916.0,146700.0,1376.0
"Altoona, PA",586.0,727.0,109600.0,1037.0,602.0,743.0,115200.0,1052.0,620.0,754.0,121400.0,1107.0
"Albuquerque, NM",784.0,892.0,196500.0,1349.0,806.0,909.0,203300.0,1345.0,841.0,955.0,214100.0,1408.0
"Alexandria, LA",621.0,824.0,142900.0,1200.0,626.0,824.0,146200.0,1219.0,640.0,851.0,153000.0,1234.0
"Dallas--Fort Worth--Arlington, TX",964.0,1136.0,206500.0,1717.0,1027.0,1186.0,227000.0,1779.0,1111.0,1264.0,245000.0,1896.0
"Dalton, GA",552.0,712.0,129500.0,1047.0,560.0,720.0,136100.0,1079.0,602.0,762.0,143700.0,1109.0
"Danbury, CT",1241.0,1436.0,327200.0,2329.0,1248.0,1442.0,331900.0,2343.0,1323.0,1523.0,339400.0,2374.0
"Davenport, IA",645.0,776.0,131400.0,1188.0,657.0,782.0,136800.0,1204.0,698.0,819.0,140900.0,1251.0
"Davis, CA",1444.0,1538.0,658800.0,2658.0,1522.0,1633.0,683700.0,2774.0,1671.0,1775.0,706300.0,3025.0
"Dayton, OH",643.0,810.0,131600.0,1249.0,655.0,826.0,137300.0,1246.0,700.0,866.0,146500.0,1295.0
"Decatur, AL",497.0,659.0,128700.0,1039.0,522.0,690.0,132500.0,1064.0,548.0,720.0,137700.0,1086.0
"Decatur, IL",522.0,684.0,93800.0,1030.0,534.0,689.0,96900.0,1055.0,545.0,715.0,99800.0,1093.0
"DeKalb, IL",797.0,916.0,166000.0,1661.0,792.0,892.0,174200.0,1671.0,820.0,940.0,181900.0,1728.0
"Denton--Lewisville, TX",1029.0,1192.0,276800.0,2040.0,1087.0,1232.0,294700.0,2114.0,1149.0,1293.0,317500.0,2235.0
"Denver--Aurora, CO",1273.0,1380.0,371200.0,1836.0,1342.0,1446.0,399500.0,1916.0,1432.0,1553.0,431200.0,2049.0
"Allentown, PA",895.0,1061.0,203400.0,1642.0,924.0,1093.0,209200.0,1645.0,969.0,1147.0,218900.0,1696.0
"Albany--Schenectady, NY",870.0,1003.0,208400.0,1668.0,889.0,1030.0,216200.0,1681.0,937.0,1086.0,220700.0,1728.0
"Akron, OH",657.0,807.0,131200.0,1173.0,683.0,836.0,136200.0,1176.0,714.0,864.0,144300.0,1209.0
"Aguadilla--Isabela--San Sebastián, PR",325.0,428.0,97700.0,782.0,328.0,427.0,97600.0,767.0,333.0,446.0,100000.0,776.0
"Aberdeen--Bel Air South--Bel Air North, MD",1069.0,1237.0,278400.0,1829.0,1103.0,1271.0,288300.0,1871.0,1173.0,1330.0,299300.0,1922.0
"Yuma, AZ",701.0,877.0,129700.0,1219.0,726.0,900.0,135400.0,1237.0,774.0,946.0,142800.0,1256.0
"Zephyrhills, FL",695.0,855.0,78700.0,1076.0,719.0,883.0,85800.0,1069.0,756.0,939.0,94100.0,1156.0
"Abilene, TX",715.0,912.0,120200.0,1290.0,726.0,912.0,130800.0,1340.0,756.0,954.0,137000.0,1405.0
"Albany, GA",529.0,753.0,122900.0,1178.0,541.0,778.0,124600.0,1172.0,584.0,811.0,125900.0,1201.0
"Albany, OR",829.0,965.0,229900.0,1483.0,891.0,1047.0,247600.0,1537.0,940.0,1100.0,278300.0,1601.0
"Atlantic City, NJ",960.0,1117.0,232300.0,2050.0,978.0,1127.0,232000.0,2038.0,995.0,1170.0,238000.0,2049.0
"Asheville, NC",808.0,942.0,219700.0,1311.0,851.0,984.0,232800.0,1354.0,904.0,1046.0,249800.0,1440.0
"Des Moines, IA",804.0,923.0,181200.0,1454.0,835.0,952.0,189400.0,1469.0,877.0,989.0,200100.0,1528.0
"Detroit, MI",773.0,947.0,164000.0,1431.0,791.0,966.0,171800.0,1442.0,838.0,1024.0,185100.0,1511.0
"Deltona, FL",894.0,1098.0,161700.0,1191.0,932.0,1123.0,177400.0,1226.0,995.0,1176.0,195900.0,1295.0
"Winchester, VA",920.0,1108.0,241100.0,1561.0,951.0,1128.0,253400.0,1548.0,1012.0,1180.0,273200.0,1661.0
"Winston-Salem, NC",635.0,797.0,157800.0,1206.0,663.0,818.0,162400.0,1220.0,702.0,865.0,170300.0,1289.0
"Winter Haven, FL",726.0,923.0,131600.0,1217.0,748.0,922.0,148200.0,1275.0,810.0,1003.0,165600.0,1345.0
"Barnstable Town, MA",1173.0,1326.0,375600.0,1966.0,1213.0,1371.0,389300.0,2010.0,1239.0,1405.0,415000.0,2112.0
"Dothan, AL",559.0,751.0,143600.0,1115.0,576.0,765.0,145700.0,1127.0,603.0,799.0,150200.0,1157.0
"Athens-Clarke County, GA",709.0,860.0,184300.0,1324.0,735.0,872.0,199100.0,1353.0,799.0,949.0,216000.0,1398.0
"Atlanta, GA",972.0,1177.0,225800.0,1581.0,1036.0,1229.0,242200.0,1621.0,1127.0,1322.0,261900.0,1694.0
"Arecibo, PR",332.0,439.0,97300.0,754.0,341.0,436.0,95500.0,756.0,358.0,467.0,97500.0,753.0
"Ames, IA",842.0,926.0,203800.0,1454.0,849.0,937.0,212600.0,1475.0,860.0,953.0,221800.0,1568.0
"Baton Rouge, LA",785.0,941.0,188000.0,1372.0,801.0,951.0,195100.0,1363.0,844.0,1000.0,200000.0,1452.0
"Battle Creek, MI",618.0,757.0,91900.0,980.0,629.0,783.0,98100.0,983.0,655.0,825.0,99400.0,1021.0
"Bay City, MI",545.0,650.0,87800.0,994.0,561.0,666.0,91400.0,995.0,591.0,695.0,93700.0,1053.0
"Beaumont, TX",699.0,863.0,114100.0,1326.0,707.0,862.0,122600.0,1379.0,734.0,902.0,132300.0,1419.0
"Anchorage, AK",1193.0,1304.0,305400.0,2083.0,1187.0,1296.0,309000.0,2117.0,1221.0,1335.0,316400.0,2168.0
"Anderson, IN",580.0,771.0,87900.0,945.0,598.0,792.0,94700.0,965.0,620.0,823.0,99700.0,1005.0
"Anderson, SC",593.0,798.0,139200.0,1044.0,603.0,783.0,143600.0,1070.0,624.0,828.0,154000.0,1105.0
"Dover, DE",922.0,1119.0,214400.0,1507.0,963.0,1154.0,223100.0,1526.0,999.0,1186.0,235100.0,1600.0
"Dover--Rochester, NH",958.0,1086.0,218100.0,1805.0,980.0,1122.0,228100.0,1889.0,1049.0,1174.0,252400.0,2013.0
"Dubuque, IA",648.0,780.0,150600.0,1216.0,656.0,796.0,155700.0,1230.0,702.0,836.0,162600.0,1284.0
"Duluth, MN",744.0,813.0,154400.0,1214.0,767.0,849.0,158000.0,1228.0,799.0,887.0,166000.0,1303.0
"Erie, PA",605.0,761.0,123400.0,1181.0,608.0,767.0,128500.0,1198.0,636.0,795.0,133900.0,1224.0
"Bellingham, WA",971.0,1069.0,359000.0,1738.0,1043.0,1134.0,383300.0,1777.0,1150.0,1229.0,417400.0,1916.0
"Bend, OR",1134.0,1270.0,380400.0,1762.0,1220.0,1370.0,409700.0,1818.0,1369.0,1525.0,457100.0,1931.0
"Durham, NC",917.0,1078.0,239400.0,1524.0,961.0,1111.0,258200.0,1533.0,1026.0,1167.0,276200.0,1607.0
"Ann Arbor, MI",965.0,1093.0,237500.0,1702.0,998.0,1134.0,250700.0,1729.0,1066.0,1184.0,267600.0,1811.0
"Anniston--Oxford, AL",510.0,712.0,117000.0,1035.0,521.0,726.0,120600.0,1033.0,545.0,765.0,120300.0,1059.0
"Antioch, CA",1579.0,1756.0,428200.0,2277.0,1672.0,1869.0,461700.0,2338.0,1738.0,1970.0,495800.0,2486.0
"Appleton, WI",680.0,808.0,159800.0,1306.0,690.0,813.0,167100.0,1327.0,727.0,856.0,175300.0,1378.0
"Auburn, AL",656.0,828.0,182200.0,1327.0,674.0,840.0,193600.0,1316.0,737.0,881.0,205000.0,1371.0
"Augusta-Richmond County, GA",707.0,909.0,150100.0,1238.0,725.0,923.0,157600.0,1267.0,765.0,957.0,164700.0,1309.0
"Austin, TX",1152.0,1302.0,290300.0,1929.0,1198.0,1356.0,314100.0,1999.0,1269.0,1424.0,337900.0,2121.0
"Billings, MT",777.0,877.0,217800.0,1422.0,793.0,890.0,229300.0,1445.0,838.0,939.0,244300.0,1517.0
"Binghamton, NY",658.0,779.0,115400.0,1206.0,677.0,787.0,118200.0,1201.0,698.0,811.0,120500.0,1227.0
"Birmingham, AL",709.0,930.0,172200.0,1360.0,740.0,961.0,179600.0,1360.0,786.0,1020.0,195300.0,1424.0
"Bismarck, ND",782.0,854.0,234200.0,1530.0,786.0,862.0,237600.0,1544.0,797.0,895.0,239400.0,1581.0
"Boise City, ID",881.0,985.0,264200.0,1415.0,938.0,1046.0,293000.0,1449.0,1030.0,1148.0,336200.0,1538.0
"Bonita Springs, FL",1224.0,1352.0,368000.0,1927.0,1280.0,1403.0,370500.0,1903.0,1363.0,1466.0,382700.0,1995.0
"Blacksburg, VA",835.0,971.0,213800.0,1410.0,870.0,1009.0,219700.0,1397.0,922.0,1074.0,229500.0,1442.0
"Avondale--Goodyear, AZ",1068.0,1263.0,250600.0,1539.0,1122.0,1343.0,269900.0,1579.0,1217.0,1442.0,292000.0,1668.0
"Bakersfield, CA",856.0,1022.0,229000.0,1606.0,864.0,1040.0,238900.0,1655.0,899.0,1105.0,253500.0,1750.0
"Baltimore, MD",1144.0,1313.0,282900.0,1897.0,1174.0,1343.0,290200.0,1906.0,1230.0,1405.0,301200.0,1961.0
"Eau Claire, WI",706.0,832.0,162100.0,1247.0,715.0,835.0,173400.0,1309.0,741.0,864.0,183800.0,1379.0
"El Centro--Calexico, CA",699.0,856.0,213100.0,1556.0,726.0,889.0,221700.0,1551.0,765.0,942.0,236100.0,1669.0
"Bloomington, IN",791.0,923.0,169700.0,1177.0,830.0,955.0,185400.0,1181.0,877.0,1000.0,199300.0,1233.0
"Bloomington--Normal, IL",732.0,853.0,168500.0,1471.0,734.0,849.0,166500.0,1447.0,748.0,875.0,169800.0,1489.0
"Bridgeport--Stamford, CT",1290.0,1472.0,411300.0,2754.0,1315.0,1497.0,411700.0,2754.0,1374.0,1577.0,425100.0,2845.0
"Bristol--Bristol, TN",511.0,689.0,134000.0,1016.0,551.0,721.0,141900.0,1026.0,573.0,732.0,148900.0,1103.0
"Brownsville, TX",573.0,736.0,88200.0,1109.0,588.0,749.0,91800.0,1112.0,615.0,786.0,94300.0,1166.0
"Buffalo, NY",684.0,816.0,144300.0,1284.0,716.0,839.0,151500.0,1302.0,752.0,880.0,160500.0,1357.0
"Burlington, NC",655.0,829.0,156000.0,1201.0,686.0,847.0,161200.0,1225.0,730.0,903.0,170300.0,1254.0
"Burlington, VT",1157.0,1262.0,287300.0,1854.0,1201.0,1302.0,302800.0,1904.0,1300.0,1403.0,318900.0,1962.0
"Bremerton, WA",1130.0,1253.0,318600.0,1761.0,1234.0,1347.0,350300.0,1808.0,1318.0,1446.0,379800.0,1910.0
"Boston, MA",1352.0,1489.0,447400.0,2443.0,1421.0,1572.0,472500.0,2488.0,1517.0,1674.0,498600.0,2613.0
"Boulder, CO",1476.0,1550.0,673700.0,2329.0,1508.0,1590.0,710100.0,2422.0,1647.0,1711.0,754900.0,2586.0
"Bowling Green, KY",616.0,774.0,172500.0,1240.0,639.0,809.0,183900.0,1250.0,675.0,834.0,194100.0,1337.0
"Camarillo, CA",1870.0,2002.0,621000.0,2643.0,2006.0,2153.0,637000.0,2687.0,2108.0,2257.0,654200.0,2863.0
"Wilmington, NC",883.0,1038.0,239900.0,1514.0,899.0,1064.0,252500.0,1534.0,976.0,1140.0,270800.0,1586.0
"Canton, OH",582.0,744.0,130400.0,1127.0,600.0,759.0,134700.0,1126.0,623.0,789.0,141100.0,1154.0
"Cape Coral, FL",968.0,1144.0,208200.0,1414.0,1059.0,1214.0,219400.0,1452.0,1140.0,1295.0,233800.0,1516.0
"Carbondale, IL",568.0,718.0,114300.0,1110.0,567.0,701.0,119600.0,1166.0,593.0,740.0,120700.0,1207.0
